Policy Driver,Ocean Account Component
Financial Instruments,Flows to Economy
Climate-Biodiversity,Environmental Assets
Climate-Biodiversity,Environmental Assets
Climate-Biodiversity,Environmental Assets
Integrated Spatial Planning and Management,Environmental Assets
Integrated Spatial Planning and Management,Environmental Assets
Pollution Reduction and Circular Economy,Flows to Environment
Pollution Reduction and Circular Economy,Ocean Economy
Climate-Biodiversity,Environmental Assets
Climate-Biodiversity,Flows to Economy
Climate-Biodiversity,Flows to Environment
Financial Instruments,Environmental Assets
Financial Instruments,Flows to Economy
Financial Instruments,Flows to Economy
Financial Instruments,Governance
Governance and Legal Frameworks,Governance
Governance and Legal Frameworks,Environmental Assets
Governance and Legal Frameworks,Environmental Assets
Integrated Monitoring Reporting and Data Systems,Environmental Assets
Integrated Monitoring Reporting and Data Systems,Environmental Assets
Integrated Monitoring Reporting and Data Systems,Flows to Economy
Integrated Monitoring Reporting and Data Systems,Ocean Economy
Integrated Monitoring Reporting and Data Systems,Flows to Environment
Integrated Monitoring Reporting and Data Systems,Governance
Integrated Monitoring Reporting and Data Systems,Social
Integrated Spatial Planning and Management,Environmental Assets
Integrated Spatial Planning and Management,Environmental Assets
Integrated Spatial Planning and Management,Environmental Assets
Governance and Legal Frameworks,Flows to Economy
Pollution Reduction and Circular Economy,Flows to Environment
Pollution Reduction and Circular Economy,Ocean Economy
Climate-Biodiversity,Environmental Assets
Climate-Biodiversity,Flows to Economy
Climate-Biodiversity,Flows to Environment
Financial Instruments,Environmental Assets
Financial Instruments,Flows to Economy
Financial Instruments,Governance
Governance and Legal Frameworks,Governance
Governance and Legal Frameworks,Environmental Assets
Governance and Legal Frameworks,Environmental Assets
Integrated Monitoring Reporting and Data Systems,Environmental Assets
Integrated Monitoring Reporting and Data Systems,Environmental Assets
Integrated Monitoring Reporting and Data Systems,Flows to Economy
Integrated Monitoring Reporting and Data Systems,Ocean Economy
Integrated Monitoring Reporting and Data Systems,Flows to Environment
Integrated Monitoring Reporting and Data Systems,Governance
Integrated Monitoring Reporting and Data Systems,Social
Integrated Spatial Planning and Management,Environmental Assets
Integrated Spatial Planning and Management,Environmental Assets
Integrated Spatial Planning and Management,Flows to Economy
Pollution Reduction and Circular Economy,Flows to Environment
Pollution Reduction and Circular Economy,Governance
Climate-Biodiversity,Environmental Assets
Climate-Biodiversity,Flows to Economy
Financial Instruments,Environmental Assets
Financial Instruments,Flows to Economy
Financial Instruments,Flows to Economy
Financial Instruments,Social
Governance and Legal Frameworks,Governance
Governance and Legal Frameworks,Social
Integrated Monitoring Reporting and Data Systems,Environmental Assets
Integrated Monitoring Reporting and Data Systems,Environmental Assets
Integrated Monitoring Reporting and Data Systems,Flows to Economy
Integrated Monitoring Reporting and Data Systems,Ocean Economy
Integrated Monitoring Reporting and Data Systems,Flows to Environment
Integrated Monitoring Reporting and Data Systems,Governance
Integrated Monitoring Reporting and Data Systems,Social
Integrated Spatial Planning and Management,Environmental Assets
Integrated Spatial Planning and Management,Environmental Assets
Climate-Biodiversity,Environmental Assets
Climate-Biodiversity,Flows to Economy
Climate-Biodiversity,Environmental Assets
Financial Instruments,Ocean Economy
Financial Instruments,Governance
Financial Instruments,Environmental Assets
Integrated Monitoring Reporting and Data Systems,Environmental Assets
Integrated Monitoring Reporting and Data Systems,Environmental Assets
Integrated Monitoring Reporting and Data Systems,Flows to Economy
Integrated Monitoring Reporting and Data Systems,Ocean Economy
Integrated Monitoring Reporting and Data Systems,Flows to Environment
Integrated Monitoring Reporting and Data Systems,Governance
Integrated Monitoring Reporting and Data Systems,Social
Integrated Spatial Planning and Management,Flows to Environment
Integrated Spatial Planning and Management,Environmental Assets
Pollution Reduction and Circular Economy,Flows to Environment
Pollution Reduction and Circular Economy,Ocean Economy
Governance and Legal Frameworks,Governance
Governance and Legal Frameworks,Social
Integrated Monitoring Reporting and Data Systems,Flows to Environment
Integrated Monitoring Reporting and Data Systems,Environmental Assets
